product_name, price_amount
Supreme: Plaza Sunglasses - Tortoise,$178
Supreme: Astro Sunglasses - Clear Yellow,$138
Supreme: Royale Sunglasses - Lime,$188
Supreme: Exit Sunglasses - Gold,$178
Supreme: Booker Sunglasses - Pale Blue,$158
Supreme: Patches Denim Trucker Jacket - Black,$398
Supreme: Court Half Zip Pullover - Dark Green,$168
Supreme: Tiger Stripe Rayon Shirt - Gold,$128
Supreme: S/S Oxford Shirt - Teal,$118
Supreme: Contrast Zip Up Hooded Sweatshirt - Navy,$158
Supreme: Contrast Crewneck - Heather Grey,$148
Supreme: Jet Sleeve Zip Up Hooded Sweatshirt - Violet,$178
Supreme: Plaid Knit Polo - Gold,$138
Supreme: Monogram Football Jersey - Dark Green,$148
Supreme: Yoke Piping L/S Top - Navy,$110
Supreme: Gradient Arc Top - Dark Yellow,$78
Supreme: Warm Up Pant - Blue Camo,$128
Supreme: Gradient Track Pant - Navy,$128
Supreme: Monogram Short - Brown,$118
Supreme: Arc Logo Water Short - Red,$118
Supreme: Velour Warm Up Short - Lime,$110
Supreme: Jacquard Box Logo Camp Cap - Light Pink,$54
Supreme: Monogram Box Logo New Era® - Dark Green,$58
Supreme: Embossed Logo 6-Panel - Red,$48
Supreme: Duffle Bag - Tan,$158
Supreme: Backpack - Red,$158
Supreme: Large Duffle Bag - Royal,$168
Supreme: Shoulder Bag - Red,$54
Supreme: Waist Bag - Black,$88
Supreme: Chicken Dinner Plate Ashtray - White,$38
Supreme: Hair Bobbles - Clear,$38
Supreme: Studded Logo Belt - Light Blue,$148
Supreme: Supreme®/Hanes® Checker Tagless Tees (2 Pack) - Checker,$28
Supreme: Supreme®/Hanes® Checker Boxer Briefs (2 Pack) - Checker,$28
Supreme: Supreme®/Hanes® Tagless Tees (3 Pack) - Black,$28
Supreme: Supreme®/Hanes® Boxer Briefs (4 Pack) - Black,$36
Supreme: Supreme®/Hanes® Crew Socks (4 Pack) - Black,$20
Supreme: Supreme®/Spitfire® Classic Wheels (Set of 4) - Red,$30
Supreme: Supreme®/Independent® Truck - Silver,$50
